scopus_id	doi	downloads	visitors	countries	days	months	issued	authors	title
12001	10.1002/jeab.133	2	2	2	2	2	2015-01	Warren K. Bickel, James MacKillop, Gregory J. Madden, Amy L. Odum, Richard Yi	Experimental manipulations of delay discounting & related processes: An introduction to the special issue
12001	10.1002/jeab.139	2	2	2	2	2	2015-03	Tal Shavit, Mosi Rosenboim	Is there time discounting for risk premium?
12001	10.1002/jeab.106	2	2	2	2	2	2014-09-12	Matheus Felipe de Souza, Andréia Schmidt	Responding by exclusion in Wistar rats in a simultaneous visual discrimination task
12001	10.1002/jeab.113	2	2	2	2	2	2014-11-12	Howard Rachlin, Vasiliy Safin, Kodi B. Arfer, Ming Yen	The attraction of gambling
12001	10.1002/jeab.122	3	2	2	2	1	2014-12-25	Melinda L. Ashe, Michelle G. Newman, Stephen J. Wilson	Delay discounting and the use of mindful attention versus distraction in the treatment of drug addiction: A conceptual review
12001	10.1002/jeab.98	4	2	1	3	1	2014-07-25	John C. Malone, Andrés García-Penagos	When a clear strong voice was needed: A retrospective review of Watson's (1924/1930) behaviorism
12001	10.1002/jeab.99	2	2	1	2	2	2014-08-11	Kristen A. Rost, Nancy S. Hemmes, Alicia M. Alvero	Effects of the relative values of alternatives on preference for free-choice in humans
12001	10.1002/jeab.86	2	2	1	2	1	2014-04-11	Meredith S. Berry, Amy L. Odum	Reinforcer magnitude and resistance to disruption of forgetting functions and response rates
12001	10.1002/jeab.95	3	3	2	3	3	2014-06-30	Denis O'Hora, Dermot Barnes-Holmes, Ian Stewart	Antecedent and consequential control of derived instruction-following
12001	10.1002/jeab.104	3	3	3	3	2	2014-08-17	Megan E. Olshavsky, Jason Shumake, Alek A. Rosenthal, Amine Kaddour-Djebbar, F. Gonzalez-Lima, Barry Setlow, Hongjoo J. Lee	Impulsivity, risk-taking, and distractibility in rats exhibiting robust conditioned orienting behaviors
12001	10.1002/jeab.112	3	3	2	3	2	2014-10-13	Emiko Uchino, Shigeru Watanabe	Self-recognition in pigeons revisited
12001	10.1002/jeab.100	1	1	1	1	1	2014-08-08	William M. Baum, Michael Davison	Background activities, induction, and behavioral allocation in operant performance
12001	10.1002/jeab.147	4	3	3	4	1	2015-04-17	Francisco J. Ruiz, Carmen Luciano	Common physical properties among relational networks improve analogy aptness
12001	10.1002/jeab.135	6	6	4	6	4	2015-02-04	Rogelio Escobar, Carlos A. Pérez-Herrera	Low-cost USB interface for operant research using Arduino and Visual Basic
12001	10.1002/jeab.73	1	1	1	1	1	2014-01-16	Andrew R. Craig, Kennon A. Lattal, Ezra G. Hall	Pausing as an operant: Choice and discriminated responding
12001	10.1002/jeab.142	1	1	1	1	1	2015-03	Timothy A. Shahan, Paul Cunningham	Conditioned reinforcement and information theory reconsidered
12001	10.1002/jeab.138	1	1	1	1	1	2015-03	A. Charles Catania, Mark P. Reilly, Dennis Hand, Lara Kowalsky Kehle, Leanne Valentine, Eliot Shimoff	A quantitative analysis of the behavior maintained by delayed reinforcers
12001	10.1002/jeab.137	1	1	1	1	1	2015-02-09	Justin C. Strickland, Craig R. Rush, William W. Stoops	Mu opioid mediated discriminative-stimulus effects of tramadol: An individual subjects analysis
12001	10.1002/jeab.124	1	1	1	1	1	2014-12-09	Jennifer R. Peterson, Catherine C. Hill, Kimberly Kirkpatrick	Measurement of impulsive choice in rats: Same- and alternate-form test-retest reliability and temporal tracking
12001	10.1002/jeab.118	1	1	1	1	1	2014-12-25	Fabio Paglieri, Elsa Addessi, Agnese Sbaffi, Maria Isabella Tasselli, Alexia Delfino	Is it patience or motivation? On motivational confounds in intertemporal choice tasks
12001	10.1002/jeab.111	1	1	1	1	1	2014-10-13	Adam H. Doughty, Lesley W. Leake, M. Lee Stoudemire	Failure to observe untested derived stimulus relations in extinction: Implications for understanding stimulus-equivalence formation
12001	10.1002/jeab.128	1	1	1	1	1	2014-12-30	Christopher T. Franck, Mikhail N. Koffarnus, Leanna L. House, Warren K. Bickel	Accurate characterization of delay discounting: A multiple model approach using approximate bayesian model selection and a unified discounting measure
12001	10.1002/jeab.120	1	1	1	1	1	2014-12-22	Adam E. Fox, Elizabeth G. E. Kyonka	Timing in response-initiated fixed intervals
12001	10.1002/jeab.150	5	5	2	5	3	2015-04-17	William F. Perez, Adriana P. Fidalgo, Roberta Kovac, Yara C. Nico	The transfer of Cfunc contextual control through equivalence relations
12001	10.1002/jeab.88	1	1	1	1	1	2014-06-25	Andrew T. Marshall, Aaron P. Smith, Kimberly Kirkpatrick	Mechanisms of impulsive choice: I. Individual differences in interval timing and reward processing
12001	10.1002/jeab.78	1	1	1	1	1	2014-02-12	Teodoro Ayllon	Working with Nathan Azrin: A remembrance
