scopus_id	title_name	book-chapter	journal-article
12091	Atmospheric Chemistry and Physics	0	1
12169	Marine Ecology - Progress Series	0	1
12196	Methods in molecular biology (Clifton, N.J.)	2189	0
12235	Journal of Neurotrauma	0	1
12272	Journal of Rehabilitation Medicine	0	1
12310	Technical Physics	0	1
12331	Current Topics in Medicinal Chemistry	0	1
12334	Current topics in pathology	19	0
12341	Journal of the Optical Society of America B: Optical Physics	0	1
12351	Optics and Spectroscopy (English translation of Optika i Spektroskopiya)	0	1
12384	Topics in Applied Physics	22	0
12410	NATO ASI Series, Series F: Computer and Systems Sciences	25	0
12519	Advances in Anatomy Embryology and Cell Biology	18	0
12522	Advances in Marine Biology	1	0
12568	Oncology Reports	0	1
12574	Journal of Radiological Protection	0	1
12691	Merrill-Palmer Quarterly	0	1
12721	Journal of Parenteral and Enteral Nutrition	0	1
12733	Nebraska Symposium on Motivation. Nebraska Symposium on Motivation	8	0
12807	Personality and Individual Differences	0	1
12862	Optics Express	0	1
12863	Optics Letters	0	1
12901	Springer Series in Optical Sciences	117	0
12920	Acoustical Imaging: Proceedings of the International Symposium	57	0
12936	Journal of the Acoustical Society of America	0	1
12965	Zeitschrift für Naturforschung - Section A Journal of Physical Sciences	0	5
13057	Industrial and Engineering Chemistry Research	0	1
13072	Recent Results in Cancer Research	133	0
13266	American Journal of Ophthalmology	0	1
13320	Applied Solar Energy (English translation of Geliotekhnika)	0	1
13412	Lecture Notes in Control and Information Sciences	83	0
13685	Advances in Cryogenic Engineering	21	0
14126	Lipids in Health and Disease	0	1
14131	Methods in Enzymology	12	0
14324	Advances in Agronomy	3	0
14364	British Journal of Psychiatry	0	1
14491	Archives of Disease in Childhood	0	2
14497	Mechanics of Solids	0	1
14510	Current topics in cellular regulation	10	0
14511	Current Topics in Developmental Biology	2	0
14557	EXS	45	0
14575	Studies in Applied Mechanics	17	0
14584	Studies in Surface Science and Catalysis	4	0
14588	Theoretical and Applied Fracture Mechanics	0	1
14717	Technology and Culture	0	1
14781	International Review of Experimental Pathology	2	0
14891	International Journal of Group Psychotherapy	0	1
14923	Advances in Biochemical Engineering/Biotechnology	2	0
15099	IBM Journal of Research and Development	0	2
15443	Metrologia	0	1
15459	BioTechniques	0	1
15467	Instruments and Experimental Techniques	0	1
15522	Developments in Geotechnical Engineering	52	0
15526	Measurement Science and Technology	0	3
15558	New Literary History	0	2
15563	Review of Scientific Instruments	0	1
15732	Journal of the History of Ideas	0	1
15845	Journal of Biomechanical Engineering	0	1
15870	Journal of Clinical Investigation	0	3
16117	Pharmaceutical biotechnology	8	0
16263	American Journal of Physical Medicine and Rehabilitation	0	2
16494	Late imperial China = Ch'ing shih wen t'i	0	1
16576	British Journal of Radiology	0	1
16590	The Lancet	0	1
16656	Advances in Botanical Research	2	0
16737	Journal of Neural Transmission, Supplement	27	0
16759	Advances in Clinical Chemistry	6	0
16765	Journal of Neuroscience Methods	0	1
16781	Advances in Protein Chemistry	1	0
16867	Biochemistry	0	3
16992	Literature and medicine	0	1
17022	Perspectives in Biology and Medicine	0	3
17087	Advances in veterinary medicine	1	0
17169	Russian Journal of Plant Physiology	0	1
17191	International Journal of Radiation Oncology Biology Physics	0	1
17435	EMBO Journal	0	1
17541	Acta Neurochirurgica, Supplement	65	0
17593	Advances and technical standards in neurosurgery	28	0
17699	Catholic Historical Review	0	1
17758	Medecine/sciences	0	1
17808	Trees - Structure and Function	0	1
17871	Medical Physics	0	1
17872	Medical Principles and Practice	0	1
17878	Willdenowia	0	1
17952	Neurology	0	1
18429	Chest	0	2
18538	Journal of Fluids Engineering, Transactions of the ASME	0	1
18565	Functional Plant Biology	0	1
18591	Methods in Cell Biology	1	0
18632	Progress in Brain Research	4	0
18677	Advances in Imaging and Electron Physics	3	0
18796	Water Resources	0	1
18901	Journal of Transport History	0	1
18930	American Mineralogist	0	1
18950	Journal of College Student Development	0	1
18964	Molecular Genetics and Genomics	0	1
19033	Progress in molecular and subcellular biology	27	0
19037	Results and Problems in Cell Differentiation	40	0
19125	IIE Transactions (Institute of Industrial Engineers)	0	1
19136	Annals of the Rheumatic Diseases	0	1
19200	Semiconductors and Semimetals	4	0
19418	Clinical Nephrology	0	2
19425	Advances in Drug Research	6	0
19447	Journal of the American Pharmacists Association : JAPhA	0	1
19465	Annual Reports in Medicinal Chemistry	5	0
19601	Advances in Microbial Ecology	13	0
19631	Archives of Virology, Supplement	12	0
19671	Current Topics in Microbiology and Immunology	200	0
19679	Diseases of Aquatic Organisms	0	1
19811	Annals of the Entomological Society of America	0	1
19830	Sleep	0	1
19842	Exercise and Sport Sciences Reviews	0	1
19862	Mycotaxon	0	1
19869	Programming and Computer Software	0	1
19889	Journal of Strength and Conditioning Research	0	2
19894	Medicine and Science in Sports and Exercise	0	2
19943	Nova Hedwigia	0	1
20021	Nephrology Dialysis Transplantation	0	1
20182	Developments in health economics and public policy	6	0
20206	Academy of Management Review	0	1
20262	Methods in Microbiology	2	0
20308	Ecology	0	1
20314	Journal of Institutional and Theoretical Economics	0	2
20420	Courses and Lectures - International Centre for Mechanical Sciences	88	0
20498	Applied Composite Materials	0	1
20618	Stroke	0	1
20640	Thrombosis and Haemostasis	0	2
20664	Current Drug Targets	0	3
20682	Current Pharmaceutical Design	0	6
20761	Current Opinion in Allergy and Clinical Immunology	0	1
20860	Acta Alimentaria	0	1
20949	Journal of Applied Mechanics, Transactions ASME	0	1
20961	Science and Society	0	1
20979	Journal of Mechanical Design - Transactions of the ASME	0	2
20985	Journal of Offshore Mechanics and Arctic Engineering	0	1
21245	International Immunology	0	1
21355	Expert Review of Anticancer Therapy	0	1
21455	Progress in Medicinal Chemistry	1	0
21537	Environmental Science and Technology	0	1
21553	Structure and Bonding	6	0
21630	International Surgery	0	1
21753	New Scientist	0	1
21972	Topics in Current Chemistry	17	0
22062	Structural Engineering and Mechanics	0	1
22075	Current Genomics	0	1
22117	Tribology Series	1	0
22170	Plastic and Reconstructive Surgery	0	2
22230	Advances in Ecological Research	3	0
22236	Journal of the Operational Research Society	0	1
22370	Public Understanding of Science	0	3
22397	Vitamins and Hormones	1	0
22420	American Journal of Hypertension	0	1
22434	International Journal of Clinical Pharmacology and Therapeutics	0	1
22523	Clay Minerals	0	2
22530	Cardiology in Review	0	1
22561	Doklady Earth Sciences	0	3
22680	Journal of the American Chemical Society	0	3
22716	Australian Journal of Chemistry	0	1
22729	Journal of the Brazilian Chemical Society	0	1
22912	Medecine et Maladies Infectieuses	0	1
23053	Journal of Natural Products	0	1
23078	Language	0	2
23080	Advances in Computers	9	0
23119	Tropical Doctor	0	1
23272	Developments in Environmental Modelling	20	0
23304	American Journal of Physiology - Advances in Physiology Education	0	3
23310	American Journal of Physiology - Gastrointestinal and Liver Physiology	0	1
23412	Journal of AOAC International	0	2
23451	Collection of Czechoslovak Chemical Communications	0	2
23454	Journal of Applied Physiology	0	1
23475	Journal of Neurophysiology	0	1
23571	Science	0	1
23640	Advanced Engineering Informatics	0	1
23900	Journal of Vascular Access	0	1
23915	Analytical Chemistry	0	2
23936	Russian Engineering Research	0	1
24135	Bulletin of the American Museum of Natural History	0	1
24197	Scientific American	0	1
24213	Acta Dermato-Venereologica	0	1
24268	Korean Studies	0	2
24289	Anesthesia Progress	0	2
24417	Journal of Geology	0	1
24419	Journal of Glaciology	0	1
24443	Construction and Building Materials	0	1
24466	Lecture Notes in Economics and Mathematical Systems	253	0
24468	Lecture Notes in Mathematics	73	0
24471	Civil War History	0	1
24551	Mathematical Geology	0	1
24617	Journal of Chemical Information and Computer Sciences	0	2
24653	Acta Crystallographica Section A: Foundations of Crystallography	0	4
24658	Acta Crystallographica Section D: Biological Crystallography	0	2
24677	Proceedings of the American Mathematical Society	0	5
24689	Transactions of the American Mathematical Society	0	1
24760	Monumenta Nipponica	0	1
24832	Journal of the History of Philosophy	0	4
24906	Automatic Control and Computer Sciences	0	1
25077	Mathematics in Science and Engineering	1	0
25141	Zeitschrift für Kristallographie - New Crystal Structures	0	2
25192	Reviews of Environmental Contamination and Toxicology	42	0
25293	Developments in Sedimentology	1	0
25304	Russian Journal of Ecology	0	1
25327	Studies in Inorganic Chemistry	13	0
25347	Chaos, Solitons and Fractals	0	1
25373	Recent developments in alcoholism : an official publication of the American Medical Society on Alcoholism, the Research Society on Alcoholism, and the National Council on Alcoholism	7	0
25392	World Journal of Gastroenterology	0	1
25469	Blood Coagulation and Fibrinolysis	0	1
25674	Lecture Notes in Computer Science	14154	0
25756	Zeitschrift für Naturforschung - Section B Journal of Chemical Sciences	0	3
25758	Advances in Heterocyclic Chemistry	1	0
25762	Advances in Polymer Science	9	0
25766	Environmental and Engineering Geoscience	0	1
25787	Commentarii Mathematici Helvetici	0	1
25836	Current Organic Chemistry	0	1
25856	Studies in Environmental Science	2	0
25859	Fortschritte der Chemie Organischer Naturstoffe	20	0
25864	Heterocycles	0	4
25865	High Performance Polymers	0	2
25879	International Journal of Molecular Sciences	0	2
25896	Journal of Organic Chemistry	0	2
25924	Doklady Mathematics	0	1
25954	Haematologica	0	1
26032	Endocrine Practice	0	1
26061	Endocrinology	0	1
26082	European Journal of Endocrinology	0	1
26352	Bulletin - Societie Geologique de France	0	1
26370	Molecules	0	2
26373	Rocky Mountain Journal of Mathematics	0	1
26383	South African Journal of Geology	0	1
26396	Organic Letters	0	1
26446	Polymer Journal	0	2
26547	Geological Society Special Publication	0	1
26554	Advances in Physical Organic Chemistry	1	0
26621	Journal of Electronic Packaging, Transactions of the ASME	0	1
26686	Methods in molecular medicine	21	0
26760	Astronomy Reports	0	1
26761	Advances in Experimental Medicine and Biology	1293	0
26801	Computational Linguistics	0	1
26821	Stratigraphy and Geological Correlation	0	1
26837	Elsevier Oceanography Series	1	0
26970	Journal of Physical Chemistry B	0	4
26991	International Journal of Hydrogen Energy	0	1
27030	Applied Physics Letters	0	1
27163	Russian Microelectronics	0	1
27433	Classical and Quantum Gravity	0	1
27505	Human Reproduction	0	1
27642	Asian Journal of Andrology	0	1
27782	Journal of Marine Research	0	2
27943	Geomagnetism and Aeronomy	0	1
27974	Frontiers in Bioscience - Landmark	0	1
28055	Australian Journal of Primary Health	0	1
28081	Gene Therapy	0	1
28089	Obstetrics and Gynecology	0	1
28115	JETP Letters	0	2
28136	Journal of Computational and Theoretical Nanoscience	0	2
28418	Brookings Papers on Economic Activity	0	1
28420	Oceanology	0	1
28428	Journal of Geophysical Research	0	1
28492	Leading Edge (Tulsa, OK)	0	1
28546	Journal of Nanoscience and Nanotechnology	0	1
28637	Journal of the Korean Physical Society	0	1
28690	Advances in Cancer Research	1	0
28861	Biometrics	0	1
28874	European Journal of Psychology of Education	0	2
28983	Applied Surface Science	0	1
29030	Journal of Synchrotron Radiation	0	1
29047	New Journal of Physics	0	1
29173	Journal of the Physical Society of Japan	0	1
29203	Physics in Medicine and Biology	0	1
29212	Cancer Treatment and Research	80	0
29251	Plasma Physics and Controlled Fusion	0	2
29366	Glq	0	1
29439	Advances in child development and behavior	5	0
29443	Advances in the Study of Behavior	1	0
29482	Physics Letters, Section B: Nuclear, Elementary Particle and High-Energy Physics	0	1
29485	Physics of Particles and Nuclei	0	1
29630	Journal of Natural History	0	1
29761	European Journal of Cancer	0	1
29834	Semiconductors	0	1
29891	Springer Series in Chemical Physics	135	0
29893	Springer Series in Solid-State Sciences	134	0
29916	Critical Care Medicine	0	4
29940	Advances in Food and Nutrition Research	2	0
30085	Journal of Social and Clinical Psychology	0	1
30422	Journal of Physical Chemistry	0	17
32876	Molecular and General Genetics	0	1
33722	Journal of Agricultural and Food Chemistry	0	1
35264	Current Opinion in Therapeutic Patents	0	2
35652	American Journal of Diseases of Children	0	1
38020	Sub-Cellular Biochemistry	53	0
38533	Eurasian Soil Science	0	1
39493	Biotechnology	0	1
39664	Glass Science and Technology: Glastechnische Berichte	6	0
39687	Computers in Physics	0	7
50089	Journal of Hydrology	0	1
61605	Current topics in medical mycology	8	0
63269	Journal of Surface Investigation	0	1
65935	NATO ASI Series, Series E: Applied Sciences	4	0
68743	Handbook of Powder Technology	2	0
69788	Advances in veterinary science and comparative medicine	6	0
72707	Asian Perspectives	0	1
76621	Transactions of the Faraday Society	0	1
77152	Lecture Notes in Physics	80	0
79567	The journal of the Royal College of Physicians of Edinburgh	0	1
79751	Archives of toxicology. Supplement. Archiv für Toxikologie. Supplement	75	0
83936	Journal de Physique II	0	1
84639	Verhandlungen der Deutschen Gesellschaft für Kreislaufforschung	14	0
85291	JAMA - Journal of the American Medical Association	0	1
85519	Ethics	0	1
91506	Progress in behavior modification	7	0
91803	Contributions to Economics	54	0
93317	NATO ASI Series, Series B: Physics	305	0
96194	Psychopharmacology series	5	0
110172	Progress in Drug Research	1	0
110607	Annals of Glaciology	0	1
120017	BMJ (Clinical research ed.)	0	1
130066	Tribology and Interface Engineering Series	1	0
144790	Marine Drugs	0	2
144910	Acta Crystallographica Section E: Structure Reports Online	0	21
144956	Drug Metabolism and Pharmacokinetics	0	1
144982	Physics Education	0	1
144989	International Journal of Environmental Research and Public Health	0	2
145668	Supplements to Clinical neurophysiology	3	0
3500148011	Journal of Zhejiang University: Science B	0	1
3600148103	Sexual Health	0	1
4000148203	Handbook of Experimental Pharmacology	213	0
4000152121	Annual Reports on NMR Spectroscopy	1	0
4100151532	Advances in Experimental Social Psychology	3	0
4400151515	Molecular Pain	0	1
4400151742	Beilstein Journal of Organic Chemistry	0	1
4500151409	CNS and Neurological Disorders - Drug Targets	0	1
4500151527	Psychology of Learning and Motivation - Advances in Research and Theory	7	0
4700151737	Perspectives in Medical Virology	1	0
4700151906	Advanced Materials Research	0	1
4700152269	Journal of Japanese Studies	0	1
4700152490	Computer-Assisted Radiology and Surgery	0	1
4700152603	Medicinal Chemistry	0	1
4700152612	Current Nanoscience	0	1
4700152644	Journal of the Korean Chemical Society	0	1
4800152405	Acta Ichthyologica et Piscatoria	0	1
4900152703	Springer Tracts in Advanced Robotics	83	0
4900152704	Studies in Fuzziness and Soft Computing	208	0
4900152706	Topics in Current Genetics	2	0
4900152708	Studies in Computational Intelligence	582	0
4900152709	Advances in Astrobiology and Biogeophysics	1	0
4900152710	ESO Astrophysics Symposia	3	0
4900152802	Foundations in Engineering Mechanics	11	0
4900153201	Lecture Notes in Applied and Computational Mechanics	54	0
4900153211	Frontiers in Mathematics	7	0
4900153219	Topics in Organometallic Chemistry	5	0
4900153501	IFIP International Federation for Information Processing	203	0
5000153105	Understanding Complex Systems	57	0
5000153502	Lecture Notes in Earth Sciences	7	0
5000158508	Springer Tracts in Modern Physics	11	0
5300152230	Plant Cell Monographs	4	0
5400152622	Advances in Solid State Physics	1	0
5700183126	Sign Language Studies	0	1
5800207504	Cell and Tissue Biology	0	1
5800207507	Side Effects of Drugs Annual	11	0
5800211823	SEL - Studies in English Literature	0	1
6400153137	Journal of Thoracic Oncology	0	1
7200153154	Cardiology Journal	0	1
7700153108	International journal of nanomedicine	0	3
7700153115	Annual Reports in Computational Chemistry	1	0
8700153101	Journal of Physics G: Nuclear Physics	0	1
9400153106	Journal of the Chemical Society C: Organic	0	2
9500154018	Journal of Zhejiang University: Science A	0	1
10600153309	PLoS ONE	0	17
11200153540	Membrane Science and Technology	2	0
11200153541	Thin Films and Nanostructures	1	0
11200153543	Studies in the History and Philosophy of Mathematics	6	0
11200153545	Computer Aided Chemical Engineering	95	0
11200153547	Interface Science and Technology	1	0
11200153550	North-Holland Mathematics Studies	1	0
11300153504	Terrestrial Ecology	2	0
11300153729	Biochemistry (Moscow) Supplement Series A: Membrane and Cell Biology	0	1
11400153303	Developments in Quaternary Science	7	0
11400153304	Progress in Heterocyclic Chemistry	6	0
11400153316	Tissue Engineering - Part A	0	1
11500153404	Chinese Physics B	0	1
11700154344	Developments in Environmental Science	2	0
11700154345	Developments in Agricultural Engineering	21	0
11700154347	Developments in Earth and Environmental Sciences	3	0
11700154350	Trace Metals and other Contaminants in the Environment	2	0
11700154359	Comprehensive Biochemistry	7	0
11900154337	Advances in Planar Lipid Bilayers and Liposomes	4	0
12000154521	Developments in Earth Surface Processes	6	0
12000154523	Tetrahedron Organic Chemistry Series	3	0
12000154529	Methods in Geochemistry and Geophysics	6	0
12500154701	Advances in Atomic, Molecular and Optical Physics	6	0
13000154719	Journal of Bionanoscience	0	1
14000155883	Revista Espanola de Linguistica Aplicada	0	1
14000156235	Aerosol and Air Quality Research	0	1
15600154713	Polymer Science - Series D	0	1
16100154743	English Literature in Transition, 1880-1920	0	1
16100154763	Esprit Createur	0	1
16200154709	Cinema Journal	0	1
17500154901	Progress in Molecular Biology and Translational Science	2	0
17500155101	Lecture Notes in Business Information Processing	398	0
17600154901	Journal of Superhard Materials	0	1
17600155120	Inland Water Biology	0	2
17700155007	Communications in Computer and Information Science	1787	0
17700155009	Comprehensive Analytical Chemistry	11	0
17700155012	Handbook of Clinical Neurology	2	0
17700155015	Handbook of Development Economics	3	0
17700155022	Handbook of the Economics of Finance	2	0
17700155025	Handbook of the Economics of Education	3	0
17700156208	Nature Reviews Gastroenterology and Hepatology	0	1
17700156303	Neuromethods	132	0
17700156416	Handbook of the History of Logic	4	0
17700156430	Handbook of Magnetic Materials	1	0
17700156432	Handbook of Petroleum Exploration and Production	1	0
17700156442	Handbook of Game Theory with Economic Applications	2	0
17700156530	Handbook on the Physics and Chemistry of Rare Earths	9	0
17700156531	NATO Science for Peace and Security Series A: Chemistry and Biology	36	0
17700156533	Handbook of Behavioral Neuroscience	9	0
18300156718	Journal of Biobased Materials and Bioenergy	0	1
18700156717	Procedia Engineering	0	1
19400157163	IFIP Advances in Information and Communication Technology	533	0
19400157277	IFMBE Proceedings	707	0
19500157004	Revue des Maladies Respiratoires Actualites	0	1
19600156803	Journal of Medicinal Plant Research	0	1
19600161904	NATO Science for Peace and Security Series B: Physics and Biophysics	58	0
19700173019	Journal of Contemporary Physics	0	1
19700174602	Cognitive Technologies	14	0
19700174603	Advances in Psychology	2	0
19700175140	Genome Medicine	0	1
19700175222	Experimental Methods in the Physical Sciences	3	0
19700175905	Enzymes	6	0
19700176048	International Geophysics	6	0
19700176236	Experimental and Therapeutic Medicine	0	1
19700180541	Handbook of Exploration Geochemistry	16	0
19700180717	Studies in Plant Science	23	0
19700180718	COSPAR Colloquia Series	1	0
19700180720	Handbook of Clinical Neurophysiology	1	0
19700180727	Developments in Crop Science	23	0
19700180728	Developments in Plant Genetics and Breeding	4	0
19700180733	Techniques in Protein Chemistry	1	0
19700180735	Developments in Clay Science	1	0
19700180739	Developments in Food Science	20	0
19700180740	North-Holland Series in Applied Mathematics and Mechanics	5	0
19700180746	Foundations of Modern Biochemistry	1	0
19700180751	Comprehensive Series in Photosciences	1	0
19700180755	Contemporary Concepts of Condensed Matter Science	2	0
19700180756	World Crop Pests	1	0
19700180760	Recent Advances in Phytochemistry	4	0
19700180761	Studies in Organic Chemistry	5	0
19700180773	Physical Acoustics	4	0
19700180774	Progress in Biotechnology	1	0
19700180781	Strategies and Tactics in Organic Synthesis	2	0
19700180785	Studies in Natural Products Chemistry	5	0
19700180791	Process Metallurgy	6	0
19700180793	Topics in Inorganic and General Chemistry	3	0
19700180796	Advances in Human Factors/Ergonomics	6	0
19700180797	Methods in Neurosciences	2	0
19700180802	Machine Intelligence and Pattern Recognition	8	0
19700180807	Norwegian Petroleum Society Special Publications	3	0
19700180808	Sugar Series	15	0
19700180812	Analytical Spectroscopy Library	1	0
19700180816	Developments in Mineral Processing	4	0
19700180817	Modern Cartography Series	5	0
19700180818	Composite Materials Series	4	0
19700180826	Developments in Economic Geology	9	0
19700180827	Progress in Pharmaceutical and Biomedical Analysis	2	0
19700180831	Wavelet Analysis and Its Applications	2	0
19700180837	Blue Books of Neurology	5	0
19700182334	Advances in Mechanical Engineering	0	1
19700182629	Methods in Pharmacology and Toxicology	29	0
19700186822	Lecture Notes in Electrical Engineering	1552	0
19700186860	Lecture Notes in Computational Science and Engineering	97	0
19700188323	Nutrients	0	1
19700188352	Toxins	0	1
19700188391	Current Topics in Behavioral Neurosciences	3	0
19700188432	NATO Science for Peace and Security Series C: Environmental Security	81	0
19700188457	Metal ions in life sciences	2	0
19700201534	Beneficial microbes	0	1
19900191727	Developments in Geotectonics	8	0
19900191871	Conference Proceedings of the Society for Experimental Mechanics Series	319	0
19900191993	Journal of Visualized Experiments	0	5
19900192554	Comparative Critical Studies	0	1
19900193214	Demonstratio Mathematica	0	1
19900193962	AIP Advances	0	1
21100197517	IEEE International Conference on Industrial Engineering and Engineering Management	11	0
21100197928	Applied Mathematics and Information Sciences	0	1
21100199840	RSC Advances	0	1
21100200411	Developments in Mathematics	14	0
21100200443	Fluid Mechanics and its Applications	143	0
21100201921	Solid Mechanics and its Applications	33	0
21100202745	Journal of Clinical Bioinformatics	0	1
21100203501	Respiratory Medicine Case Reports	0	1
21100203922	IUTAM Bookseries	33	0
21100204111	Smart Innovation, Systems and Technologies	179	0
21100205926	Blood Cancer Journal	0	1
21100207003	Theranostics	0	2
21100212317	Springer Series in Surface Sciences	32	0
21100216303	Springer Series in Geomechanics and Geoengineering	25	0
21100216305	Springer Series in Materials Science	117	0
21100216306	Cancer Metastasis - Biology and Treatment	9	0
21100216328	International Review of Research in Developmental Disabilities	7	0
21100216986	NanoScience and Technology	57	0
21100216992	Epigenetics and Human Health	3	0
21100216996	AIEL Series in Labour Economics	1	0
21100216998	Springer Series in Advanced Microelectronics	21	0
21100217000	Research and Perspectives in Endocrine Interactions	5	0
21100217002	Research and Perspectives in Neurosciences	9	0
21100220348	Lecture Notes of the Institute for Computer Sciences, Social-Informatics and Telecommunications Engineering	351	0
21100220350	Springer Proceedings in Mathematics	26	0
21100220443	Advanced Concurrent Engineering	15	0
21100222535	Operations Research/ Computer Science Interfaces Series	17	0
21100222537	Intelligent Systems Reference Library	81	0
21100222539	Cognitive Systems Monographs	16	0
21100222542	Advanced Structured Materials	50	0
21100222552	Adaptation, Learning, and Optimization	19	0
21100222930	Springer Monographs in Mathematics	31	0
21100223108	Natural Computing Series	42	0
21100223158	Frontiers in Earth Sciences	7	0
21100226435	Handbook of Social Economics	2	0
21100226441	Science and Technology of Atomic, Molecular, Condensed Matter and Biological Systems	2	0
21100229405	RILEM Bookseries	22	0
21100229419	Fields Institute Communications	14	0
21100229803	Geotechnical, Geological and Earthquake Engineering	60	0
21100229805	Engineering Asset Management Review	3	0
21100229811	Modeling, Simulation and Applications	2	0
21100229816	Fields Institute Monographs	1	0
21100230001	New Economic Windows	10	0
21100235803	Learning Imaging	1	0
21100240700	Notes on Numerical Fluid Mechanics and Multidisciplinary Design	109	0
21100242249	Analysis and PDE	0	1
21100242623	Progress in the chemistry of organic natural products	1	0
21100242814	eLife	0	1
21100244402	Studies in Classification, Data Analysis, and Knowledge Organization	108	0
21100244603	Lecture Notes in Geoinformation and Cartography	76	0
21100244825	Informatik aktuell	150	0
21100245114	Bolyai Society Mathematical Studies	6	0
21100247092	Journal of Medical Imaging and Health Informatics	0	1
21100248895	Lecture Notes in Energy	17	0
21100248904	Power Systems	29	0
21100248905	Green Energy and Technology	98	0
21100254279	Advances in Information Security	26	0
21100255109	Frontiers in cellular and infection microbiology	0	2
21100255398	Springer Proceedings in Mathematics and Statistics	179	0
21100258389	Mathematical Engineering	4	0
21100258397	Journal of Integrative Medicine	0	1
21100258405	International Association of Geodesy Symposia	109	0
21100287101	GeoPlanet: Earth and Planetary Sciences	28	0
21100296218	Progress in Mathematical Physics	4	0
21100296639	Contributions to Economic Analysis	4	0
21100297820	Astrophysics and Space Science Proceedings	24	0
21100298204	Intelligent Systems, Control and Automation: Science and Engineering	24	0
21100298603	Mechanisms and Machine Science	128	0
21100298629	Lecture Notes in Statistics	3	0
21100305269	Mathematics and Visualization	11	0
21100307458	Ecosphere	0	1
21100310012	Advances in Geographic Information Science	8	0
21100313905	Frontiers in Plant Science	0	1
21100321695	SpringerBriefs in Applied Sciences and Technology	81	0
21100326880	Acta Crystallographica Section F: Structural Biology Communications	0	1
21100326898	Acta Crystallographica Section A: Foundations and Advances	0	4
21100337505	Advances in neurobiology	16	0
21100349120	Cancer Drug Discovery and Development	20	0
21100369426	Advances in Computer Vision and Pattern Recognition	24	0
21100370014	Second Language Learning and Teaching	22	0
21100370022	Regional Research of Russia	0	1
21100370476	Urologia Colombiana	0	1
21100370735	Theoretical and Mathematical Physics (United States)	8	0
21100371966	Open Life Sciences	0	1
21100380994	Lecture Notes in Computational Vision and Biomechanics	33	0
21100381006	Journal of Rock Mechanics and Geotechnical Engineering	0	1
21100390385	Pediatric Oncology	13	0
21100394098	Methods in Biotechnology	13	0
21100397702	Journal of Blood Medicine	0	1
21100399164	A & A case reports	0	1
21100407281	Zeitschrift fur Kristallographie - Crystalline Materials	0	1
21100416079	Handbook of Environmental Chemistry	22	0
21100427192	Acta Crystallographica Section E: Crystallographic Communications	0	6
21100431310	Topics in Safety, Risk, Reliability and Quality	10	0
21100431311	Lecture Notes in Mechanical Engineering	111	0
21100431313	Advanced Information and Knowledge Processing	23	0
21100431907	Springer Series in Reliability Engineering	30	0
21100438182	International Series in Operations Research and Management Science	128	0
21100443703	Professional Animal Scientist	0	1
21100447809	Operator Theory: Advances and Applications	30	0
21100447813	Trends in Mathematics	11	0
21100448506	Modeling and Optimization in Science and Technologies	10	0
21100451375	Molecular Therapy - Methods and Clinical Development	0	1
21100455458	Computational Methods in Applied Sciences	37	0
21100455558	History of Mechanism and Machine Science	9	0
21100456162	ERCOFTAC Series	31	0
21100457056	Hematologic Malignancies	3	0
21100466219	Journal on Data Semantics	1	0
21100466455	Springer Optimization and Its Applications	67	0
21100466760	Modeling and Simulation in Science, Engineering and Technology	25	0
21100469658	Remote Sensing and Digital Image Processing	19	0
21100469668	RILEM State-of-the-Art Reports	12	0
21100469711	Modern Approaches in Solid Earth Sciences	3	0
21100778844	Advances in Intelligent and Soft Computing	567	0
21100779404	Macromolecules	0	3
